insert into t2 values (1, 'tuple')
Insert OK, 1 row affected
save snapshot
---
ok
...
insert into t2 values (2, 'tuple 2')
Insert OK, 1 row affected
save snapshot
---
ok
...
insert into t2 values (3, 'tuple 3')
Insert OK, 1 row affected
select * from t2 where k0 = 1
Found 1 tuple:
[1, 'tuple']
select * from t2 where k0 = 2
Found 1 tuple:
[2, 'tuple 2']
select * from t2 where k0 = 3
Found 1 tuple:
[3, 'tuple 3']
delete from t2 where k0 = 1
Delete OK, 1 row affected
delete from t2 where k0 = 2
Delete OK, 1 row affected
delete from t2 where k0 = 3
Delete OK, 1 row affected
insert into t3 values ('identifier', 'tuple')
Insert OK, 1 row affected
save snapshot
---
ok
...
insert into t3 values ('second', 'tuple 2')
Insert OK, 1 row affected
save snapshot
---
ok
...
call box.select_range(3, 0, 100, 'second')
Found 1 tuple:
['second', 'tuple 2']
call box.select_range(3, 0, 100, 'identifier')
Found 2 tuples:
['identifier', 'tuple']
['second', 'tuple 2']
insert into t3 values ('third', 'tuple 3')
Insert OK, 1 row affected
select * from t3 where k0 = 'identifier'
Found 1 tuple:
['identifier', 'tuple']
select * from t3 where k0 = 'second'
Found 1 tuple:
['second', 'tuple 2']
select * from t3 where k0 = 'third'
Found 1 tuple:
['third', 'tuple 3']
delete from t3 where k0 = 'identifier'
Delete OK, 1 row affected
delete from t3 where k0 = 'second'
Delete OK, 1 row affected
delete from t3 where k0 = 'third'
Delete OK, 1 row affected
insert into t2 values (1, 'tuple')
Insert OK, 1 row affected
insert into t3 values (1, 'tuple')
Insert OK, 1 row affected
insert into t3 values (2, 'tuple')
Insert OK, 1 row affected
lua  function box.crossjoin(space0, space1, limit)   space0 = tonumber(space0)   space1 = tonumber(space1)   limit = tonumber(limit)   local result = {}   for k0, v0 in box.space[space0]:pairs() do     for k1, v1 in box.space[space1]:pairs() do       if limit <= 0 then         return unpack(result)       end       newtuple = {v0:unpack()}       for _, v in v1:pairs() do table.insert(newtuple, v) end       table.insert(result, newtuple)       limit = limit - 1     end   end   return unpack(result) end
---
...
call box.crossjoin(3, 3, 0)
No match
call box.crossjoin(3, 3, 5)
Found 4 tuples:
[1, 'tuple', 1, 'tuple']
[1, 'tuple', 2, 'tuple']
[2, 'tuple', 1, 'tuple']
[2, 'tuple', 2, 'tuple']
call box.crossjoin(3, 3, 10000)
Found 4 tuples:
[1, 'tuple', 1, 'tuple']
[1, 'tuple', 2, 'tuple']
[2, 'tuple', 1, 'tuple']
[2, 'tuple', 2, 'tuple']
call box.crossjoin(3, 2, 10000)
Found 2 tuples:
[1, 'tuple', 1, 'tuple']
[2, 'tuple', 1, 'tuple']
lua box.space[3]:truncate()
---
...
insert into t2 values (200, 'select me!')
Insert OK, 1 row affected
select * from t2 where k0 = 200
Found 1 tuple:
[200, 'select me!']
select * from t2 where k0 = 199
No match
select * from t2 where k0 = 201
No match
