ping
ok
---
select * from t0
An error occurred: ERR_CODE_ILLEGAL_PARAMS, 'Illegal parameters'
insert into t0 values (1, "I am a tuple")
Insert OK, 1 row affected
select * from t0 where k0 = 1
Found 1 tuple:
[1, 'I am a tuple']
select * from t0 where k0 = 0
No match
select * from t0 where k0 = 2
No match
select * from t0 where k0 = 1
Found 1 tuple:
[1, 'I am a tuple']
save snapshot
---
ok
...
select * from t0 where k0 = 1
Found 1 tuple:
[1, 'I am a tuple']
select * from t0 where k0 = 1
Found 1 tuple:
[1, 'I am a tuple']
delete from t0 where k0 = 1
Delete OK, 1 row affected
select * from t0 where k0 = 1
No match
update t0 set k1 = "I am a new tuple" where k0=1
Insert OK, 0 row affected
select * from t0 where k0 = 1
No match
insert into t0 values (1, "I am a new tuple")
Insert OK, 1 row affected
select * from t0 where k0 = 1
Found 1 tuple:
[1, 'I am a new tuple']
update t0 set k1 = "I am the newest tuple" where k0=1
Insert OK, 1 row affected
select * from t0 where k0 = 1
Found 1 tuple:
[1, 'I am the newest tuple']
update t0 set k1 = "Huh", k2 = "Oh-ho-ho" where k0=1
An error occurred: ERR_CODE_ILLEGAL_PARAMS, 'Illegal parameters'
select * from t0 where k0 = 1
Found 1 tuple:
[1, 'I am the newest tuple']
insert into t0 values (1, "I am a new tuple", "stub")
Insert OK, 1 row affected
update t0 set k1 = "Huh", k2 = "Oh-ho-ho" where k0=1
Insert OK, 1 row affected
select * from t0 where k0 = 1
Found 1 tuple:
[1, 'Huh', 'Oh-ho-ho']
update t0 set k1 = "", k2 = "" where k0=1
Insert OK, 1 row affected
select * from t0 where k0 = 1
Found 1 tuple:
[1, '', '']
update t0 set k1 = 2, k2 = 3 where k0=1
Insert OK, 1 row affected
select * from t0 where k0 = 1
Found 1 tuple:
[1, 2, 3]
insert into t0 values (0)
Insert OK, 1 row affected
select * from t0 where k0=0
Found 1 tuple:
[0]
insert into t0 values (4294967295)
Insert OK, 1 row affected
select * from t0 where k0=4294967295
Found 1 tuple:
[4294967295]
